{"initial_reset_timestamp": 9081.516968938, "timestamps": [9087.950133827, 9093.043382036, 9097.961760049, 9102.869745696, 9107.801111172, 9112.72904317, 9117.697658105, 9122.631454605, 9127.522786408, 9132.392481305, 9137.318389348, 9142.280695992, 9147.228884659, 9152.193632661, 9157.185106059], "episode_lengths": [412, 410, 390, 391, 389, 398, 408, 398, 395, 383, 396, 394, 399, 399, 399], "episode_rewards": [-43853.400439866906, -44309.36793889115, -34981.3797117666, -28433.394672159786, -41164.60428456069, -40691.82486051377, -37145.46755688296, -29887.1498425529, -41738.92492093632, -44214.915140233206, -41188.45190781383, -41373.83672546821, -39864.04276383845, -42302.292282952265, -39953.75548663784], "episode_types": ["t", "t", "t", "t", "t", "t", "t", "t", "t", "t", "t", "t", "t", "t", "t", "t"]}